codigo_region,region,codigo_comuna,comuna,03/07/2020,03/30/2020,04/01/2020,04/03/2020,04/06/2020,0,04/08/2020,04/10/2020,04/13/2020,04/15/2020,0,04/17/2020,04/20/2020,04/24/2020,04/27/2020,0,04/30/2020,05/04/2020
15,Arica y Parinacota,15101,Arica,0,6,6,12,41,0,63,87,115,124,0,134,166,224,270,0,297,310
15,Arica y Parinacota,15102,Camarones,0,-,-,-,-,0,-,-,0,0,0,0,0,0,0,0,0,0
15,Arica y Parinacota,15202,General Lagos,0,-,-,-,-,0,-,-,0,0,0,0,0,0,0,0,0,0
15,Arica y Parinacota,15201,Putre,0,-,-,-,-,0,-,-,0,0,0,0,0,0,0,0,0,0
1,Tarapacá,1107,Alto Hospicio,0,-,1,3,5,0,6,10,14,15,0,16,27,39,55,0,77,128
1,Tarapacá,1402,Camiña,0,-,-,-,-,0,-,-,0,0,0,0,0,0,0,0,0,0
1,Tarapacá,1403,Colchane,0,-,-,-,-,0,-,-,0,0,0,0,0,0,0,0,0,0
1,Tarapacá,1404,Huara,0,-,-,-,-,0,-,-,0,0,0,0,0,0,0,0,0,3
1,Tarapacá,1101,Iquique,0,5,9,10,13,0,16,18,26,26,0,31,36,58,75,0,90,122
1,Tarapacá,1405,Pica,0,-,-,-,1,0,2,5,10,19,0,24,28,31,31,0,31,31
1,Tarapacá,1401,Pozo Almonte,0,-,-,-,2,0,2,2,2,2,0,2,2,2,2,0,2,3
2,Antofagasta,2101,Antofagasta,0,29,32,44,54,0,60,82,106,122,0,145,184,261,303,0,378,479
2,Antofagasta,2201,Calama,0,-,3,5,7,0,8,13,20,21,0,21,25,35,54,0,71,84
2,Antofagasta,2302,María Elena,0,-,-,-,-,0,-,-,1,2,0,4,6,7,13,0,30,35
2,Antofagasta,2102,Mejillones,0,-,-,-,1,0,2,6,12,14,0,19,27,43,65,0,77,126
2,Antofagasta,2202,Ollagüe,0,-,-,-,-,0,-,-,0,0,0,0,0,0,0,0,0,0
2,Antofagasta,2203,San Pedro de Atacama,0,-,2,3,4,0,4,4,4,4,0,4,4,4,4,0,4,4
2,Antofagasta,2103,Sierra Gorda,0,-,-,-,-,0,-,-,0,0,0,0,0,0,0,0,0,0
2,Antofagasta,2104,Taltal,0,-,-,-,-,0,1,3,3,7,0,7,7,7,7,0,7,8
2,Antofagasta,2301,Tocopilla,0,-,2,2,2,0,2,2,3,6,0,11,11,11,11,0,12,13
3,Atacama,3302,Alto del Carmen,0,-,-,-,-,0,-,-,0,0,0,0,0,0,0,0,0,0
3,Atacama,3102,Caldera,0,-,-,-,-,0,-,-,0,0,0,0,0,0,0,0,0,1
3,Atacama,3201,Chañaral,0,-,-,-,-,0,-,-,0,0,0,0,0,0,0,0,0,0
3,Atacama,3101,Copiapó,0,-,2,4,4,0,5,8,8,8,0,8,8,8,8,0,19,34
3,Atacama,3202,Diego de Almagro,0,-,1,1,1,0,1,1,1,1,0,1,1,1,1,0,1,2
3,Atacama,3303,Freirina,0,-,-,-,-,0,-,-,0,0,0,0,0,0,1,0,1,1
3,Atacama,3304,Huasco,0,-,-,-,-,0,-,-,0,0,0,0,1,0,0,0,0,1
3,Atacama,3103,Tierra Amarilla,0,-,-,-,-,0,2,4,4,4,0,4,4,5,6,0,7,9
3,Atacama,3301,Vallenar,0,-,-,-,-,0,-,-,0,0,0,0,0,7,13,0,17,24
4,Coquimbo,4103,Andacollo,0,-,-,-,-,0,-,-,0,0,0,0,0,0,0,0,0,2
4,Coquimbo,4202,Canela,0,-,-,-,-,0,-,-,0,0,0,0,0,0,0,0,0,0
4,Coquimbo,4302,Combarbalá,0,-,-,-,-,0,-,-,0,0,0,0,0,0,0,0,0,0
4,Coquimbo,4102,Coquimbo,0,17,19,19,19,0,19,21,21,19,0,20,23,24,26,0,29,31
4,Coquimbo,4201,Illapel,0,-,-,-,7,0,12,13,17,19,0,19,18,18,18,0,18,19
4,Coquimbo,4104,La Higuera,0,-,-,-,-,0,-,-,0,0,0,0,0,0,0,0,0,0
4,Coquimbo,4101,La Serena,0,-,3,8,12,0,12,12,12,12,0,12,16,18,19,0,20,27
4,Coquimbo,4203,Los Vilos,0,-,1,1,1,0,1,1,1,1,0,1,1,1,1,0,1,1
4,Coquimbo,4303,Monte Patria,0,-,-,-,-,0,-,-,0,0,0,0,0,0,0,0,0,0
4,Coquimbo,4301,Ovalle,0,4,4,4,7,0,7,8,8,8,0,8,9,9,9,0,10,11
4,Coquimbo,4105,Paiguano,0,-,-,-,-,0,-,-,0,0,0,0,0,0,0,0,0,0
4,Coquimbo,4304,Punitaqui,0,-,-,-,-,0,-,-,0,0,0,0,0,1,1,0,2,3
4,Coquimbo,4305,Río Hurtado,0,-,1,1,1,0,1,1,1,1,0,1,1,1,1,0,1,1
4,Coquimbo,4204,Salamanca,0,-,2,2,4,0,4,5,6,6,0,7,7,7,7,0,7,8
4,Coquimbo,4106,Vicuña,0,-,-,-,-,0,-,-,0,0,0,0,0,0,0,0,0,1
5,Valparaíso,5602,Algarrobo,0,7,7,9,9,0,8,8,8,9,0,9,9,9,10,0,10,10
5,Valparaíso,5402,Cabildo,0,-,-,-,-,0,-,-,0,0,0,0,1,0,3,0,4,5
5,Valparaíso,5502,Calera,0,6,6,7,7,0,9,9,9,11,0,13,16,22,22,0,22,22
5,Valparaíso,5302,Calle Larga,0,-,-,2,2,0,1,2,2,2,0,4,5,6,6,0,6,6
5,Valparaíso,5603,Cartagena,0,-,-,-,1,0,-,-,2,2,0,2,2,6,6,0,8,9
5,Valparaíso,5102,Casablanca,0,-,1,2,3,0,2,2,3,3,0,3,3,3,3,0,3,3
5,Valparaíso,5702,Catemu,0,-,-,-,-,0,-,-,0,0,0,0,0,0,0,0,0,1
5,Valparaíso,5103,Concón,0,-,1,7,7,0,3,3,6,7,0,7,7,13,14,0,19,20
5,Valparaíso,5604,El Quisco,0,-,-,1,1,0,1,1,3,4,0,6,8,11,11,0,11,12
5,Valparaíso,5605,El Tabo,0,-,1,3,3,0,2,2,2,3,0,6,6,9,9,0,13,13
5,Valparaíso,5503,Hijuelas,0,-,-,-,-,0,-,-,0,0,0,0,1,1,1,0,1,1
5,Valparaíso,5201,Isla de Pascua,0,-,5,5,5,0,5,6,6,6,0,5,5,5,5,0,5,5
5,Valparaíso,5104,Juan Fernández,0,-,-,-,-,0,-,-,0,0,0,0,0,0,0,0,0,0
5,Valparaíso,5504,La Cruz,0,-,1,3,3,0,2,2,5,5,0,5,7,8,8,0,9,10
5,Valparaíso,5401,La Ligua,0,-,2,2,2,0,2,2,2,2,0,2,2,2,2,0,2,3
5,Valparaíso,5802,Limache,0,-,3,3,4,0,5,7,8,13,0,20,20,23,23,0,23,22
5,Valparaíso,5703,Llaillay,0,-,-,1,2,0,2,2,2,2,0,2,2,2,2,0,4,4
5,Valparaíso,5301,Los Andes,0,-,3,2,2,0,6,6,6,7,0,9,9,6,7,0,9,9
5,Valparaíso,5506,Nogales,0,-,-,-,-,0,-,-,0,0,0,0,0,0,0,0,0,0
5,Valparaíso,5803,Olmué,0,-,-,-,-,0,-,-,1,1,0,2,2,2,2,0,2,2
5,Valparaíso,5704,Panquehue,0,-,-,-,-,0,-,-,0,0,0,0,0,0,0,0,0,0
5,Valparaíso,5403,Papudo,0,-,-,1,1,0,-,-,0,0,0,0,0,0,0,0,0,0
5,Valparaíso,5404,Petorca,0,-,1,1,5,0,4,5,6,6,0,6,6,6,6,0,6,6
5,Valparaíso,5105,Puchuncaví,0,-,-,-,-,0,-,-,0,0,0,0,0,0,0,0,0,0
5,Valparaíso,5705,Putaendo,0,-,1,1,1,0,1,1,1,2,0,2,5,5,5,0,6,6
5,Valparaíso,5501,Quillota,0,6,7,9,9,0,13,13,16,18,0,19,20,22,22,0,24,26
5,Valparaíso,5801,Quilpué,0,11,10,11,12,0,15,18,20,21,0,22,27,30,30,0,38,40
5,Valparaíso,5107,Quintero,0,-,3,2,2,0,3,4,5,4,0,4,4,6,9,0,10,10
5,Valparaíso,5303,Rinconada,0,-,-,-,-,0,1,2,2,2,0,2,2,2,2,0,2,2
5,Valparaíso,5601,San Antonio,0,-,4,8,9,0,9,13,17,19,0,28,34,46,53,0,72,86
5,Valparaíso,5304,San Esteban,0,-,-,-,-,0,-,-,0,0,0,0,1,1,3,0,3,3
5,Valparaíso,5701,San Felipe,0,-,3,5,5,0,6,6,6,6,0,6,6,6,6,0,9,9
5,Valparaíso,5706,Santa María,0,-,2,2,2,0,2,2,2,2,0,2,2,2,2,0,13,16
5,Valparaíso,5606,Santo Domingo,0,-,3,1,2,0,5,5,5,10,0,11,12,17,17,0,19,22
5,Valparaíso,5101,Valparaíso,0,16,26,23,26,0,36,39,44,45,0,51,59,67,68,0,95,109
5,Valparaíso,5804,Villa Alemana,0,6,8,11,11,0,12,12,12,12,0,13,13,14,15,0,17,19
5,Valparaíso,5109,Viña del Mar,0,29,38,47,53,0,66,69,72,75,0,84,94,103,109,0,123,135
5,Valparaíso,5405,Zapallar,0,-,-,-,-,0,-,-,0,0,0,0,0,0,0,0,0,0
13,Metropolitana,13502,Alhué,0,-,-,-,-,0,-,-,0,0,0,0,0,0,0,0,0,0
13,Metropolitana,13402,Buin,0,7,8,14,20,0,20,29,36,40,0,43,47,53,60,0,81,92
13,Metropolitana,13403,Calera de Tango,0,6,7,7,7,0,8,8,10,10,0,11,14,15,15,0,17,17
13,Metropolitana,13102,Cerrillos,0,-,4,4,5,0,11,21,29,39,0,48,53,66,80,0,129,241
13,Metropolitana,13103,Cerro Navia,0,19,21,26,31,0,36,42,57,65,0,79,99,118,135,0,179,227
13,Metropolitana,13301,Colina,0,32,39,47,50,0,62,66,74,77,0,81,90,95,103,0,129,152
13,Metropolitana,13104,Conchalí,0,14,18,22,32,0,38,47,52,56,0,64,80,98,113,0,181,295
13,Metropolitana,13503,Curacaví,0,5,5,5,8,0,9,10,13,14,0,14,14,15,15,0,19,23
13,Metropolitana,13105,El Bosque,0,18,28,35,37,0,46,64,83,93,0,107,127,145,177,0,236,275
13,Metropolitana,13602,El Monte,0,-,1,2,5,0,7,9,10,10,0,12,12,13,16,0,21,21
13,Metropolitana,13106,Estación Central,0,16,22,25,36,0,41,61,71,89,0,101,120,162,207,0,341,447
13,Metropolitana,13107,Huechuraba,0,17,19,22,32,0,35,38,48,53,0,59,66,77,82,0,113,150
13,Metropolitana,13108,Independencia,0,15,17,22,26,0,31,37,52,60,0,80,115,196,246,0,431,594
13,Metropolitana,13603,Isla de Maipo,0,-,1,1,4,0,7,10,10,11,0,11,11,11,13,0,14,15
13,Metropolitana,13109,La Cisterna,0,10,12,12,20,0,26,34,39,45,0,47,61,73,84,0,122,143
13,Metropolitana,13110,La Florida,0,43,58,67,91,0,103,126,165,176,0,211,231,282,328,0,428,578
13,Metropolitana,13111,La Granja,0,5,8,16,24,0,26,36,46,51,0,60,69,80,95,0,138,193
13,Metropolitana,13112,La Pintana,0,-,10,13,18,0,25,39,55,70,0,88,107,128,195,0,269,345
13,Metropolitana,13113,La Reina,0,24,26,30,35,0,44,52,54,56,0,59,62,65,84,0,108,136
13,Metropolitana,13302,Lampa,0,10,10,13,14,0,18,26,37,41,0,45,48,58,68,0,96,117
13,Metropolitana,13114,Las Condes,0,181,208,224,258,0,266,281,296,306,0,320,326,346,355,0,409,477
13,Metropolitana,13115,Lo Barnechea,0,68,78,85,97,0,105,110,116,125,0,144,157,170,194,0,238,273
13,Metropolitana,13116,Lo Espejo,0,4,7,9,15,0,23,34,48,56,0,60,67,80,100,0,130,162
13,Metropolitana,13117,Lo Prado,0,14,18,20,25,0,32,35,43,47,0,62,75,88,111,0,170,210
13,Metropolitana,13118,Macul,0,10,15,23,34,0,37,43,49,51,0,57,64,89,110,0,136,181
13,Metropolitana,13119,Maipú,0,43,55,64,83,0,106,167,203,241,0,284,312,364,399,0,480,580
13,Metropolitana,13504,María Pinto,0,-,-,-,-,0,-,-,0,0,0,1,1,1,1,0,3,3
13,Metropolitana,13501,Melipilla,0,6,8,9,11,0,12,16,17,19,0,25,35,40,48,0,74,110
13,Metropolitana,13120,Ñuñoa,0,67,84,93,107,0,118,155,171,188,0,217,240,269,291,0,329,365
13,Metropolitana,13604,Padre Hurtado,0,10,11,14,16,0,18,20,26,27,0,28,32,35,40,0,55,66
13,Metropolitana,13404,Paine,0,-,3,3,3,0,3,7,8,9,0,10,11,13,15,0,21,26
13,Metropolitana,13121,Pedro Aguirre Cerda,0,7,13,13,16,0,19,36,54,70,0,78,89,109,129,0,180,229
13,Metropolitana,13605,Peñaflor,0,10,13,13,18,0,18,20,25,26,0,29,35,44,51,0,67,76
13,Metropolitana,13122,Peñalolén,0,31,46,54,65,0,78,98,131,137,0,162,187,209,254,0,322,404
13,Metropolitana,13202,Pirque,0,-,2,2,4,0,4,9,10,12,0,13,14,16,19,0,30,43
13,Metropolitana,13123,Providencia,0,82,87,94,104,0,115,129,136,147,0,164,180,196,200,0,226,250
13,Metropolitana,13124,Pudahuel,0,17,25,32,44,0,52,67,78,88,0,103,118,137,167,0,233,288
13,Metropolitana,13201,Puente Alto,0,45,58,76,119,0,166,239,322,374,0,472,562,688,764,0,889,1129
13,Metropolitana,13125,Quilicura,0,17,29,33,51,0,57,79,94,101,0,112,129,164,236,0,423,546
13,Metropolitana,13126,Quinta Normal,0,21,25,35,41,0,57,69,84,105,0,125,149,172,194,0,262,306
13,Metropolitana,13127,Recoleta,0,17,23,32,44,0,52,61,73,81,0,107,126,174,226,0,398,602
13,Metropolitana,13128,Renca,0,9,14,18,19,0,22,28,42,50,0,70,82,107,131,0,185,255
13,Metropolitana,13401,San Bernardo,0,32,41,53,74,0,79,117,140,156,0,198,237,318,372,0,435,544
13,Metropolitana,13129,San Joaquín,0,13,24,28,36,0,42,52,58,68,0,84,101,118,149,0,183,267
13,Metropolitana,13203,San José de Maipo,0,-,2,2,3,0,3,4,4,4,0,4,4,7,8,0,12,23
13,Metropolitana,13130,San Miguel,0,25,32,39,49,0,56,69,86,97,0,111,131,152,173,0,213,255
13,Metropolitana,13505,San Pedro,0,-,-,-,-,0,-,-,0,0,0,0,1,2,2,0,8,10
13,Metropolitana,13131,San Ramón,0,-,6,9,9,0,12,18,20,27,0,32,42,66,90,0,144,220
13,Metropolitana,13101,Santiago,0,127,156,173,234,0,271,321,375,404,0,463,500,608,700,0,980,1294
13,Metropolitana,13601,Talagante,0,-,5,6,11,0,14,18,21,24,0,26,27,30,33,0,37,42
13,Metropolitana,13303,Tiltil,0,-,2,3,3,0,4,4,4,4,0,4,5,5,5,0,9,12
13,Metropolitana,13132,Vitacura,0,83,90,100,114,0,114,119,127,128,0,130,132,133,138,0,152,164
6,O’Higgins,6302,Chépica,0,-,-,-,-,0,-,-,0,0,0,0,0,0,0,0,0,0
6,O’Higgins,6303,Chimbarongo,0,-,2,2,2,0,2,2,2,4,0,4,2,2,2,0,2,2
6,O’Higgins,6102,Codegua,0,-,-,-,-,0,-,-,0,0,0,0,1,1,1,0,2,2
6,O’Higgins,6103,Coinco,0,-,-,-,-,0,-,-,0,0,0,0,0,1,1,0,1,1
6,O’Higgins,6104,Coltauco,0,-,-,-,-,0,-,-,0,0,0,0,0,0,0,0,0,0
6,O’Higgins,6105,Doñihue,0,-,-,-,-,0,-,-,0,0,0,0,0,1,1,0,2,2
6,O’Higgins,6106,Graneros,0,-,-,-,-,0,-,-,0,0,0,0,0,2,2,0,2,2
6,O’Higgins,6202,La Estrella,0,-,-,-,-,0,-,-,0,0,0,0,0,0,0,0,0,0
6,O’Higgins,6107,Las Cabras,0,-,-,-,-,0,-,-,0,1,0,1,1,3,3,0,4,10
6,O’Higgins,6203,Litueche,0,-,-,-,-,0,-,-,0,0,0,0,0,1,3,0,7,8
6,O’Higgins,6304,Lolol,0,-,-,-,-,0,-,-,0,0,0,0,0,0,0,0,0,0
6,O’Higgins,6108,Machalí,0,-,6,7,8,0,8,8,8,8,0,9,10,16,16,0,16,16
6,O’Higgins,6109,Malloa,0,-,-,-,-,0,-,-,0,0,0,0,0,0,0,0,0,0
6,O’Higgins,6204,Marchihue,0,-,-,-,-,0,-,-,0,0,0,0,0,0,0,0,0,0
6,O’Higgins,6110,Mostazal,0,-,-,-,-,0,-,-,0,0,0,0,0,0,0,0,0,1
6,O’Higgins,6305,Nancagua,0,-,-,-,-,0,-,-,0,0,0,0,0,0,0,0,1,1
6,O’Higgins,6205,Navidad,0,-,-,-,-,0,-,-,0,0,0,0,0,0,0,0,2,2
6,O’Higgins,6111,Olivar,0,-,1,2,2,0,2,3,6,7,0,7,6,6,6,0,6,6
6,O’Higgins,6306,Palmilla,0,-,-,-,-,0,-,-,0,0,0,0,0,0,0,0,0,0
6,O’Higgins,6206,Paredones,0,-,-,-,-,0,-,-,0,0,0,0,0,0,0,0,0,0
6,O’Higgins,6307,Peralillo,0,-,-,-,-,0,-,-,0,0,0,0,0,0,0,0,0,0
6,O’Higgins,6112,Peumo,0,-,-,-,1,0,1,1,1,1,0,1,1,1,1,0,2,2
6,O’Higgins,6113,Pichidegua,0,-,-,-,-,0,-,-,0,0,0,0,0,0,0,0,0,0
6,O’Higgins,6201,Pichilemu,0,-,-,-,-,0,-,-,0,0,0,0,0,0,0,0,0,0
6,O’Higgins,6308,Placilla,0,-,1,1,1,0,1,1,1,2,0,2,1,1,1,0,1,1
6,O’Higgins,6309,Pumanque,0,-,-,-,-,0,-,-,0,0,0,0,0,0,0,0,0,0
6,O’Higgins,6114,Quinta de Tilcoco,0,-,2,2,2,0,2,2,3,3,0,3,1,1,1,0,1,1
6,O’Higgins,6101,Rancagua,0,7,7,9,15,0,15,15,15,15,0,15,22,28,32,0,38,45
6,O’Higgins,6115,Rengo,0,-,1,1,1,0,1,1,1,1,0,1,2,3,7,0,8,10
6,O’Higgins,6116,Requínoa,0,-,1,1,1,0,1,1,1,1,0,1,2,3,4,0,4,4
6,O’Higgins,6301,San Fernando,0,-,4,4,4,0,4,4,4,5,0,5,6,5,5,0,5,6
6,O’Higgins,6117,San Vicente,0,-,1,4,4,0,4,4,4,4,0,4,4,4,4,0,8,9
6,O’Higgins,6310,Santa Cruz,0,-,-,-,1,0,2,2,2,2,0,2,1,2,2,0,2,2
7,Maule,7201,Cauquenes,0,-,1,3,4,0,4,4,4,4,0,8,10,12,13,0,13,13
7,Maule,7202,Chanco,0,-,-,-,-,0,-,-,0,0,0,0,2,2,3,0,3,3
7,Maule,7402,Colbún,0,-,4,4,5,0,5,5,5,5,0,6,5,6,6,0,6,6
7,Maule,7102,Constitución,0,-,1,3,3,0,5,5,5,4,0,11,11,18,19,0,21,23
7,Maule,7103,Curepto,0,-,-,-,-,0,2,3,3,3,0,3,7,8,8,0,8,8
7,Maule,7301,Curicó,0,6,8,11,13,0,13,17,20,23,0,24,31,31,37,0,45,45
7,Maule,7104,Empedrado,0,-,-,-,-,0,-,-,0,0,0,0,0,0,0,0,0,0
7,Maule,7302,Hualañé,0,-,-,-,-,0,-,-,0,0,0,0,0,0,0,0,0,0
7,Maule,7303,Licantén,0,-,-,-,-,0,-,-,0,0,0,1,2,2,2,0,2,2
7,Maule,7401,Linares,0,4,6,10,11,0,12,13,13,13,0,15,22,22,24,0,27,27
7,Maule,7403,Longaví,0,-,1,1,2,0,2,2,2,2,0,3,3,4,4,0,4,4
7,Maule,7105,Maule,0,-,2,2,2,0,3,3,4,5,0,10,13,22,22,0,23,23
7,Maule,7304,Molina,0,-,3,3,3,0,3,3,3,3,0,4,5,7,7,0,7,7
7,Maule,7404,Parral,0,4,3,3,3,0,4,5,6,6,0,6,6,9,9,0,9,9
7,Maule,7106,Pelarco,0,-,-,-,-,0,-,-,3,3,0,5,5,5,5,0,5,5
7,Maule,7203,Pelluhue,0,-,1,1,1,0,1,1,1,1,0,1,1,2,2,0,2,2
7,Maule,7107,Pencahue,0,-,-,-,-,0,-,-,0,0,0,1,2,3,3,0,3,3
7,Maule,7305,Rauco,0,-,-,1,1,0,1,2,2,2,0,2,2,2,2,0,2,2
7,Maule,7405,Retiro,0,-,-,-,-,0,-,-,1,1,0,2,2,1,1,0,1,1
7,Maule,7108,Río Claro,0,-,1,1,1,0,2,3,3,3,0,6,6,7,7,0,8,9
7,Maule,7306,Romeral,0,-,2,2,2,0,2,3,3,4,0,5,12,13,13,0,13,13
7,Maule,7307,Sagrada Familia,0,-,-,-,1,0,1,1,1,1,0,1,1,2,2,0,2,2
7,Maule,7109,San Clemente,0,-,-,-,-,0,-,-,0,0,0,4,7,9,9,0,10,10
7,Maule,7406,San Javier,0,-,1,1,7,0,7,8,8,9,0,11,16,20,20,0,23,23
7,Maule,7110,San Rafael,0,-,-,1,1,0,1,1,2,2,0,2,2,3,3,0,3,3
7,Maule,7101,Talca,0,34,37,42,48,0,51,51,51,57,0,91,133,145,149,0,160,162
7,Maule,7308,Teno,0,-,-,-,-,0,-,1,1,1,0,1,2,2,2,0,4,4
7,Maule,7309,Vichuquén,0,-,-,-,-,0,-,-,0,0,0,0,0,0,0,0,0,0
7,Maule,7407,Villa Alegre,0,-,-,-,-,0,-,-,0,0,0,0,1,1,2,0,2,2
7,Maule,7408,Yerbas Buenas,0,-,-,-,-,0,-,-,0,0,0,0,1,1,1,0,2,2
16,Ñuble,16102,Bulnes,0,12,18,32,36,0,45,48,48,48,0,48,54,59,60,0,62,72
16,Ñuble,16101,Chillán,0,114,173,240,291,0,327,342,355,373,0,387,395,411,405,0,414,415
16,Ñuble,16103,Chillán Viejo,0,13,22,26,30,0,34,40,44,45,0,45,49,52,55,0,55,55
16,Ñuble,16202,Cobquecura,0,-,-,-,-,0,-,-,0,0,0,0,0,0,0,0,0,0
16,Ñuble,16203,Coelemu,0,-,1,2,3,0,4,4,4,4,0,4,4,4,4,0,4,4
16,Ñuble,16302,Coihueco,0,-,3,3,6,0,7,8,11,11,0,14,21,24,25,0,40,42
16,Ñuble,16104,El Carmen,0,-,2,2,2,0,3,3,3,3,0,3,3,3,3,0,3,3
16,Ñuble,16204,Ninhue,0,-,-,-,-,0,1,1,2,3,0,3,4,4,4,0,4,4
16,Ñuble,16303,Ñiquén,0,-,-,-,-,0,2,2,2,2,0,2,3,3,3,0,3,3
16,Ñuble,16105,Pemuco,0,-,-,-,2,0,3,3,4,4,0,4,5,5,6,0,6,6
16,Ñuble,16106,Pinto,0,-,2,6,9,0,10,10,10,10,0,10,11,11,12,0,12,12
16,Ñuble,16205,Portezuelo,0,-,-,-,-,0,-,-,1,0,0,0,0,0,0,0,0,0
16,Ñuble,16107,Quillón,0,4,7,15,17,0,22,22,23,23,0,24,26,26,28,0,30,32
16,Ñuble,16201,Quirihue,0,-,-,-,1,0,4,4,4,2,0,3,3,4,4,0,4,4
16,Ñuble,16206,Ránquil,0,-,1,5,7,0,9,9,10,9,0,9,9,9,10,0,10,10
16,Ñuble,16301,San Carlos,0,8,13,13,19,0,28,29,31,31,0,31,32,34,34,0,35,36
16,Ñuble,16304,San Fabián,0,-,5,6,6,0,6,6,6,6,0,6,6,7,8,0,8,8
16,Ñuble,16108,San Ignacio,0,-,1,3,6,0,6,6,6,4,0,4,4,5,6,0,8,10
16,Ñuble,16305,San Nicolás,0,-,2,4,10,0,11,12,12,14,0,14,14,14,16,0,16,14
16,Ñuble,16207,Treguaco,0,-,-,-,-,0,-,-,0,0,0,0,0,0,0,0,0,0
16,Ñuble,16109,Yungay,0,-,7,10,26,0,37,38,42,42,0,45,46,46,48,0,52,55
8,Biobío,8314,Alto Biobío,0,-,-,-,-,0,-,-,0,1,0,1,1,0,0,0,0,0
8,Biobío,8302,Antuco,0,-,-,-,-,0,-,-,0,0,0,0,0,0,0,0,0,0
8,Biobío,8202,Arauco,0,-,5,6,6,0,6,6,6,5,0,6,6,6,6,0,6,6
8,Biobío,8303,Cabrero,0,-,-,1,1,0,1,4,7,8,0,9,9,13,15,0,16,16
8,Biobío,8203,Cañete,0,-,-,-,-,0,-,-,0,0,0,0,0,0,0,0,0,0
8,Biobío,8103,Chiguayante,0,6,18,26,32,0,35,40,41,37,0,39,41,57,58,0,61,69
8,Biobío,8101,Concepción,0,28,47,53,70,0,73,81,92,130,0,142,149,136,139,0,147,141
8,Biobío,8204,Contulmo,0,-,-,-,-,0,-,-,0,0,0,0,0,0,0,0,0,0
8,Biobío,8102,Coronel,0,-,11,12,13,0,18,18,18,15,0,15,15,16,18,0,21,22
8,Biobío,8205,Curanilahue,0,-,1,1,1,0,1,1,1,1,0,1,1,2,2,0,1,1
8,Biobío,8104,Florida,0,-,-,2,2,0,2,2,2,4,0,4,4,3,3,0,3,3
8,Biobío,8112,Hualpén,0,-,39,50,67,0,74,83,93,65,0,70,77,103,104,0,103,115
8,Biobío,8105,Hualqui,0,-,3,3,7,0,7,7,8,9,0,13,15,19,19,0,20,20
8,Biobío,8304,Laja,0,-,2,3,5,0,5,5,6,7,0,7,7,10,12,0,12,12
8,Biobío,8201,Lebu,0,-,-,-,-,0,-,-,0,0,0,0,0,0,0,0,0,0
8,Biobío,8206,Los Álamos,0,-,-,-,-,0,-,-,0,0,0,0,0,1,1,0,1,1
8,Biobío,8301,Los Ángeles,0,11,15,12,17,0,22,22,22,25,0,26,30,31,31,0,31,31
8,Biobío,8106,Lota,0,-,-,1,1,0,1,1,1,1,0,1,1,1,1,0,1,2
8,Biobío,8305,Mulchén,0,-,5,5,5,0,5,5,5,5,0,5,5,5,5,0,5,6
8,Biobío,8306,Nacimiento,0,-,2,2,2,0,4,5,9,10,0,10,10,10,10,0,10,12
8,Biobío,8307,Negrete,0,-,-,-,1,0,2,2,2,2,0,2,2,2,2,0,2,2
8,Biobío,8107,Penco,0,-,1,3,5,0,5,5,9,11,0,12,15,17,18,0,19,20
8,Biobío,8308,Quilaco,0,-,-,-,-,0,-,-,0,0,0,0,0,0,0,0,0,0
8,Biobío,8309,Quilleco,0,-,-,-,-,0,-,-,0,0,0,0,1,1,0,0,0,0
8,Biobío,8108,San Pedro de la Paz,0,18,50,56,63,0,71,73,80,75,0,75,85,99,99,0,100,106
8,Biobío,8310,San Rosendo,0,-,-,-,-,0,-,-,0,0,0,0,0,0,0,0,0,0
8,Biobío,8311,Santa Bárbara,0,-,2,2,2,0,2,2,2,3,0,3,3,3,2,0,2,2
8,Biobío,8109,Santa Juana,0,-,-,-,-,0,-,-,0,0,0,0,1,2,2,0,2,2
8,Biobío,8110,Talcahuano,0,-,23,29,36,0,45,46,56,82,0,85,97,90,95,0,103,109
8,Biobío,8207,Tirúa,0,-,-,2,4,0,4,4,4,4,0,4,4,4,4,0,4,4
8,Biobío,8111,Tomé,0,4,6,9,25,0,30,30,37,37,0,37,41,50,50,0,50,49
8,Biobío,8312,Tucapel,0,-,-,-,-,0,1,1,1,0,0,1,1,1,1,0,1,1
8,Biobío,8313,Yumbel,0,5,5,5,5,0,5,5,5,5,0,5,6,6,6,0,6,7
9,Araucanía,9201,Angol,0,7,13,12,15,0,23,24,28,36,0,38,51,75,80,0,106,110
9,Araucanía,9102,Carahue,0,-,2,2,3,0,6,6,18,20,0,22,26,30,31,0,30,34
9,Araucanía,9121,Cholchol,0,-,2,3,2,0,3,4,4,4,0,5,5,5,5,0,6,6
9,Araucanía,9202,Collipulli,0,-,-,-,-,0,-,-,1,1,0,0,1,2,3,0,4,4
9,Araucanía,9103,Cunco,0,-,-,-,5,0,5,5,5,6,0,6,6,6,6,0,5,5
9,Araucanía,9203,Curacautín,0,-,-,-,2,0,3,5,5,5,0,5,5,6,6,0,5,6
9,Araucanía,9104,Curarrehue,0,-,2,3,3,0,4,4,4,4,0,4,4,4,4,0,4,4
9,Araucanía,9204,Ercilla,0,-,-,-,-,0,2,2,3,3,0,4,7,8,8,0,10,10
9,Araucanía,9105,Freire,0,-,2,5,5,0,5,5,5,5,0,5,6,7,7,0,7,7
9,Araucanía,9106,Galvarino,0,-,1,1,2,0,2,2,2,2,0,2,2,2,2,0,2,2
9,Araucanía,9107,Gorbea,0,4,6,7,10,0,10,10,10,10,0,10,10,12,12,0,12,12
9,Araucanía,9108,Lautaro,0,-,8,10,16,0,19,19,22,25,0,27,30,34,38,0,38,40
9,Araucanía,9109,Loncoche,0,-,2,4,4,0,6,6,6,9,0,9,9,9,10,0,18,18
9,Araucanía,9205,Lonquimay,0,-,-,-,-,0,-,-,0,0,0,0,0,0,0,0,0,0
9,Araucanía,9206,Los Sauces,0,-,-,-,-,0,-,-,0,0,0,0,0,0,0,0,1,1
9,Araucanía,9207,Lumaco,0,-,-,-,-,0,-,-,0,0,0,0,0,0,1,0,6,6
9,Araucanía,9110,Melipeuco,0,-,-,-,-,0,-,-,0,0,0,0,0,0,0,0,0,0
9,Araucanía,9111,Nueva Imperial,0,-,2,11,16,0,20,22,25,32,0,34,37,36,44,0,47,47
9,Araucanía,9112,Padre Las Casas,0,9,14,33,44,0,49,49,49,52,0,58,71,78,87,0,98,99
9,Araucanía,9113,Perquenco,0,-,1,2,1,0,2,2,3,3,0,4,6,6,6,0,5,5
9,Araucanía,9114,Pitrufquén,0,4,6,7,11,0,12,12,16,18,0,17,19,19,19,0,20,20
9,Araucanía,9115,Pucón,0,-,3,3,4,0,5,5,5,6,0,10,11,12,14,0,14,14
9,Araucanía,9208,Purén,0,-,1,1,2,0,2,2,2,2,0,2,2,2,2,0,3,4
9,Araucanía,9209,Renaico,0,-,-,-,-,0,1,1,2,2,0,2,3,4,4,0,4,5
9,Araucanía,9116,Saavedra,0,-,-,1,1,0,1,1,1,0,0,1,8,15,16,0,24,33
9,Araucanía,9101,Temuco,0,154,225,293,365,0,407,443,471,506,0,547,605,644,665,0,673,683
9,Araucanía,9117,Teodoro Schmidt,0,-,4,2,3,0,3,4,5,5,0,5,5,6,6,0,6,6
9,Araucanía,9118,Toltén,0,-,3,4,5,0,7,7,7,6,0,6,6,6,6,0,6,6
9,Araucanía,9210,Traiguén,0,-,-,-,-,0,-,1,2,2,0,2,3,3,3,0,2,2
9,Araucanía,9211,Victoria,0,5,7,11,12,0,15,15,15,13,0,13,28,55,58,0,70,71
9,Araucanía,9119,Vilcún,0,4,5,11,18,0,20,20,24,27,0,29,37,39,39,0,44,45
9,Araucanía,9120,Villarrica,0,-,4,6,11,0,15,15,18,19,0,17,18,19,19,0,20,20
14,Los Ríos,14102,Corral,0,-,-,-,-,0,-,-,0,1,0,1,1,1,1,0,1,1
14,Los Ríos,14202,Futrono,0,-,2,2,5,0,5,5,5,5,0,5,5,5,5,0,5,5
14,Los Ríos,14201,La Unión,0,-,9,10,17,0,18,18,18,23,0,23,21,27,29,0,32,39
14,Los Ríos,14203,Lago Ranco,0,-,1,1,2,0,2,2,2,2,0,2,2,2,2,0,2,2
14,Los Ríos,14103,Lanco,0,-,1,1,2,0,2,2,2,4,0,4,4,5,5,0,5,7
14,Los Ríos,14104,Los Lagos,0,-,-,-,-,0,-,-,0,0,0,0,0,0,0,0,0,0
14,Los Ríos,14105,Máfil,0,-,1,1,1,0,1,1,1,1,0,1,1,2,2,0,2,2
14,Los Ríos,14106,Mariquina,0,-,2,3,6,0,8,8,8,9,0,9,8,9,9,0,9,9
14,Los Ríos,14107,Paillaco,0,-,1,1,1,0,1,1,1,1,0,1,1,2,2,0,2,1
14,Los Ríos,14108,Panguipulli,0,-,-,-,-,0,-,-,2,0,0,0,1,0,0,0,0,0
14,Los Ríos,14204,Río Bueno,0,-,2,2,5,0,5,5,10,7,0,7,11,10,11,0,13,13
14,Los Ríos,14101,Valdivia,0,12,45,47,65,0,72,82,88,97,0,101,101,105,107,0,110,121
10,Los Lagos,10202,Ancud,0,-,-,-,-,0,2,3,3,3,0,3,8,9,9,0,10,15
10,Los Lagos,10102,Calbuco,0,4,5,5,5,0,5,5,7,5,0,8,6,7,7,0,7,7
10,Los Lagos,10201,Castro,0,-,1,1,4,0,6,7,7,7,0,7,7,7,7,0,8,8
10,Los Lagos,10401,Chaitén,0,-,1,1,1,0,1,1,1,1,0,1,1,1,1,0,1,1
10,Los Lagos,10203,Chonchi,0,-,-,-,-,0,-,-,0,0,0,0,0,0,0,0,0,0
10,Los Lagos,10103,Cochamó,0,-,-,-,-,0,-,-,0,0,0,1,1,1,1,0,1,1
10,Los Lagos,10204,Curaco de Vélez,0,-,-,-,-,0,-,-,0,0,0,0,0,0,0,0,0,0
10,Los Lagos,10205,Dalcahue,0,-,-,-,-,0,-,-,0,0,0,0,0,0,0,0,0,0
10,Los Lagos,10104,Fresia,0,-,-,-,-,0,-,-,0,0,0,1,1,0,0,0,0,0
10,Los Lagos,10105,Frutillar,0,-,-,1,3,0,3,3,5,6,0,6,6,6,6,0,6,6
10,Los Lagos,10402,Futaleufú,0,-,-,-,-,0,-,-,0,0,0,0,0,0,0,0,0,0
10,Los Lagos,10403,Hualaihué,0,-,3,3,3,0,3,3,3,3,0,3,3,3,3,0,3,3
10,Los Lagos,10107,Llanquihue,0,-,-,-,-,0,-,-,3,1,0,2,1,1,1,0,1,1
10,Los Lagos,10106,Los Muermos,0,-,1,1,1,0,1,1,1,1,0,1,1,1,1,0,1,1
10,Los Lagos,10108,Maullín,0,-,-,-,-,0,-,1,1,1,0,2,1,1,1,0,1,1
10,Los Lagos,10301,Osorno,0,66,120,163,190,0,207,220,232,241,0,249,265,278,282,0,306,315
10,Los Lagos,10404,Palena,0,-,-,-,-,0,-,-,0,0,0,0,0,0,0,0,0,0
10,Los Lagos,10101,Puerto Montt,0,34,44,25,35,0,37,39,68,73,0,76,75,73,73,0,52,52
10,Los Lagos,10302,Puerto Octay,0,-,1,1,1,0,1,1,1,1,0,1,1,2,4,0,4,3
10,Los Lagos,10109,Puerto Varas,0,-,1,2,4,0,3,3,6,7,0,8,8,9,9,0,9,8
10,Los Lagos,10206,Puqueldón,0,-,-,-,-,0,-,-,0,0,0,0,0,0,0,0,0,0
10,Los Lagos,10303,Purranque,0,-,1,5,5,0,11,16,16,16,0,16,16,17,17,0,19,23
10,Los Lagos,10304,Puyehue,0,-,1,1,1,0,2,2,2,1,0,1,1,1,2,0,4,4
10,Los Lagos,10207,Queilén,0,-,-,-,-,0,-,-,0,0,0,0,0,0,0,0,0,0
10,Los Lagos,10208,Quellón,0,-,-,-,-,0,-,-,0,0,0,0,0,0,0,0,0,1
10,Los Lagos,10209,Quemchi,0,-,-,-,-,0,-,-,0,0,0,0,0,0,0,0,0,0
10,Los Lagos,10210,Quinchao,0,-,1,1,1,0,1,1,1,1,0,1,1,1,1,0,1,1
10,Los Lagos,10305,Río Negro,0,-,-,1,1,0,1,2,3,3,0,4,4,5,5,0,10,13
10,Los Lagos,10306,San Juan de la Costa,0,-,-,-,7,0,11,11,14,13,0,15,16,22,24,0,26,29
10,Los Lagos,10307,San Pablo,0,-,1,2,2,0,6,6,6,6,0,6,8,8,8,0,9,10
11,Aysén,11201,Aisén,0,-,1,4,5,0,4,4,3,3,0,3,1,1,1,0,1,1
11,Aysén,11401,Chile Chico,0,-,-,-,1,0,1,1,1,1,0,1,1,1,1,0,1,1
11,Aysén,11202,Cisnes,0,-,-,-,-,0,-,-,0,0,0,0,0,0,0,0,0,0
11,Aysén,11301,Cochrane,0,-,-,-,-,0,-,-,0,0,0,0,0,0,0,0,0,0
11,Aysén,11101,Coyhaique,0,-,2,2,1,0,1,1,2,2,0,2,3,3,3,0,2,2
11,Aysén,11203,Guaitecas,0,-,-,-,-,0,-,-,0,0,0,0,0,0,0,0,0,0
11,Aysén,11102,Lago Verde,0,-,-,-,-,0,-,-,0,0,0,0,0,0,0,0,0,0
11,Aysén,11302,O'Higgins,0,-,-,-,-,0,-,-,0,0,0,0,0,0,0,0,0,0
11,Aysén,11402,Río Ibáñez,0,-,-,-,-,0,-,-,0,0,0,0,0,0,0,0,0,0
11,Aysén,11303,Tortel,0,-,-,-,-,0,1,1,1,1,0,1,0,0,0,0,0,0
12,Magallanes,12202,Antártica,0,-,-,-,-,0,-,-,0,0,0,0,0,0,0,0,0,0
12,Magallanes,12201,Cabo de Hornos,0,5,6,6,10,0,11,13,18,18,0,18,17,17,19,0,19,19
12,Magallanes,12102,Laguna Blanca,0,-,-,-,-,0,-,-,0,0,0,0,0,0,0,0,0,0
12,Magallanes,12401,Natales,0,-,4,5,5,0,5,6,6,6,0,7,6,7,8,0,8,8
12,Magallanes,12301,Porvenir,0,-,2,2,3,0,3,3,4,4,0,5,8,8,8,0,8,8
12,Magallanes,12302,Primavera,0,-,-,-,-,0,-,-,0,0,0,1,1,1,1,0,1,1
12,Magallanes,12101,Punta Arenas,0,29,87,143,203,0,207,299,387,416,0,470,516,581,623,0,685,744
12,Magallanes,12103,Río Verde,0,-,-,-,-,0,-,-,0,0,0,0,0,0,0,0,0,0
12,Magallanes,12104,San Gregorio,0,-,-,-,-,0,-,-,0,0,0,0,0,0,0,0,0,0
12,Magallanes,12303,Timaukel,0,-,-,-,-,0,-,-,0,0,0,0,0,0,0,0,0,0
12,Magallanes,12402,Torres del Paine,0,-,-,-,-,0,-,-,0,0,0,0,0,0,0,0,0,1
